day,profit,degradation,net
0,1.5407508724639107,0.7684258672016224,0.7723250052622883
1,5.8173930702873395,2.491895378164218,3.3254976921231214
2,3.073712648572933,2.0933987524363675,0.9803138961365656
3,1.225609269510596,1.4833891026701682,-0.2577798331595722
4,0.30422222341442323,1.4003510459890696,-1.0961288225746464
5,75.12637241956409,2.7935314704061764,72.33284094915791
6,138.1773435414587,3.4667626201337356,134.71058092132495
7,9.30255304927595,4.033654581642924,5.268898467633026
8,72.61497242826599,2.4566734509375334,70.15829897732846
9,0.6986272236073853,1.0969400405714234,-0.3983128169640381
10,0.5682269464351272,0.9618640926303165,-0.3936371461951893
11,1.3057545321628397,2.0096165443628036,-0.7038620121999639
12,73.54726031173922,2.2237249254174523,71.32353538632177
13,45.73996331360802,2.246526113549561,43.49343720005846
14,117.07917506745638,3.597974589987304,113.48120047746907
15,71.93458744490701,2.5323532903923853,69.40223415451463
16,73.32181139407916,2.5168861205601236,70.80492527351903
17,1.9746229096665306,2.032667543381418,-0.05804463371488744
18,6.890433617257587e-06,0.5022836278528149,-0.5022767374191976
19,6.217691863799107e-06,0.5022836278532384,-0.5022774101613746
20,0.1356394277780926,0.6294359819627169,-0.4937965541846243
21,47.79810783510285,2.321971720422034,45.47613611468081
22,2.4993108943291893,2.208759246583321,0.2905516477458683
23,73.88614677661938,2.2868862397060887,71.59926053691329
24,1.7651129201326363,1.921849044827163,-0.1567361246945267
25,3.723119872694931,2.3893461592257794,1.3337737134691516
26,1.9342961389276492,2.0570993937192563,-0.12280325479160714
27,0.2559517836882395,0.7274555102136261,-0.4715037265253866
28,2.272887557597202,2.194395846129956,0.0784917114672461
29,-1.8244900790082579,0.7081501891761167,-2.5326402681843745
30,-3.1074139249268544,1.7050266422432274,-4.812440567170082
31,78.31643295539503,1.7085797326373318,76.6078532227577
32,70.27423897149185,2.258682410643996,68.01555656084786
33,69.29747328132468,2.301859046405317,66.99561423491937
34,101.51602666375092,3.1338229679302536,98.38220369582066
35,143.3158530617782,4.073358094837569,139.24249496694063
36,69.26354598482703,2.1754574963304956,67.08808848849654
37,69.38868797774882,2.3309912560030055,67.05769672174581
38,80.16306584481384,3.8356698620458034,76.32739598276804
39,68.35578898436718,2.2243490892311053,66.13143989513607
40,69.44041979560924,2.423243420183952,67.0171763754253
41,110.05288477224576,4.010578699996762,106.042306072249
42,104.79408973568947,3.2907595783092085,101.50333015738026
43,58.10828899460066,1.732299841363056,56.375989153237605
44,57.223508876018144,1.7523516510608355,55.47115722495731
45,63.706021838177726,2.05250882715547,61.653513011022255
46,69.97711845980089,2.537268834910144,67.43984962489074
47,132.9663698330663,4.355510350635014,128.6108594824313
48,132.10034718461733,4.285788442248982,127.81455874236835
49,111.59257861257137,3.885096236196256,107.70748237637511
50,105.50046320537787,2.9636983442497438,102.53676486112812
51,141.02011995543344,3.980482638322223,137.03963731711121
52,82.5586425121951,4.3045514684302475,78.25409104376486
53,83.95456242245336,4.761908896080769,79.1926535263726
54,109.36233066774982,3.9189763789471055,105.44335428880271
55,104.97414312033902,3.101259780884204,101.87288333945482
56,69.59425588311365,2.2623330977872635,67.33192278532638
57,70.2290217583323,2.26100831934213,67.96801343899017
58,74.87550257774706,2.7790023708870053,72.09650020686006
59,74.98059975008918,3.0258890441907695,71.9547107058984
60,57.09425596105297,1.747707627662401,55.34654833339057
61,69.74555799711844,2.2090920453053915,67.53646595181304
62,70.1189626700922,2.2887573967540633,67.83020527333814
63,114.15472438748068,3.069841932746538,111.08488245473414
64,89.03096991107854,2.5688004658469272,86.46216944523161
65,74.53258035914654,2.8360985609948903,71.69648179815165
66,85.11084212008227,4.808630288775675,80.3022118313066
67,57.046026912371595,1.7475413095610035,55.298485602810594
68,120.39938932526356,3.3376645566428618,117.06172476862069
69,176.6315351876899,5.274611012715318,171.35692417497458
70,114.9150009054971,3.16352366527452,111.75147724022257
71,114.02249008948786,3.066599495799288,110.95589059368857
72,149.91643155723116,4.158297259638859,145.7581342975923
73,63.87658464474024,2.0596307109379204,61.816953933802324
74,56.989771213258,1.7463003490384565,55.243470864219546
75,113.96770399278161,3.166615268759225,110.80108872402238
76,161.76924486052323,4.755072215829538,157.0141726446937
77,121.90503714951869,3.4031200730932887,118.5019170764254
78,92.83946159776194,2.6475981966170656,90.19186340114487
79,100.04129624214727,2.892065220161515,97.14923102198576
80,56.94380547253738,1.7565224078018926,55.18728306473548
81,92.80991299068802,2.6614179349616958,90.14849505572633
82,56.932971994726,1.745047820510403,55.1879241742156
83,63.929314697683246,1.9407745827945555,61.98854011488869
84,86.62930378214914,4.4302926639778635,82.19901111817127
85,79.24042697900839,3.348893229995656,75.89153374901274
86,71.15233293686155,2.500670841928253,68.6516620949333
87,72.54057352638756,2.2742594635264455,70.26631406286111
88,72.9923574467664,2.2980369051923955,70.69432054157402
89,73.30379236987264,2.316656558289275,70.98713581158336
90,73.41179338892442,1.848080596863511,71.56371279206091
91,73.23091098644448,2.1329633552275014,71.09794763121698
92,73.40575515309739,2.2674721958409627,71.13828295725642
93,73.12901738418797,1.959755272269268,71.16926211191871
94,47.56225239373574,1.9884182132774941,45.57383418045825
95,70.78489695136813,2.388816101959318,68.3960808494088
96,74.64286948488612,1.7548970827151213,72.887972402171
97,73.24622521526283,1.8969196873457927,71.34930552791704
98,73.14427890959236,1.9070268728544408,71.23725203673791
99,72.82521527026759,1.9342626373306873,70.8909526329369
100,1.9591088870578026,2.0053509287803832,-0.04624204172258062
101,0.38468310811953743,0.830711036277626,-0.44602792815808856
102,73.50320240073647,1.9609401170432759,71.54226228369319
103,73.34860464391544,1.9730339293545207,71.37557071456092
104,2.9329661542394105,1.9837693419548525,0.949196812284558
105,2.670084464496288,1.9886863868078382,0.6813980776884496
106,2.853960019559931,2.0179026460471534,0.8360573735127774
107,2.0552866530920832,1.8448212778964848,0.2104653751955985
108,0.4419867389590358,0.8700347647552351,-0.4280480257961993
109,0.4879392327473819,0.9283636782383213,-0.44042444549093945
110,3.2662205319363173,2.0022621907871856,1.2639583411491317
111,3.21043204515867,2.0061261654269464,1.2043058797317236
112,2.5976514858319595,2.0113539423046762,0.5862975435272832
113,3.079355128885529,1.9466067398778217,1.1327483890077072
114,3.273592017244164,2.025141135469832,1.2484508817743323
115,2.1445868561155144,1.5591326270492796,0.5854542290662348
116,1.3509471065247185,1.5376660665634543,-0.18671896003873578
117,2.273230118143872,1.8781891957095833,0.39504092243428857
118,0.010194013616306966,0.5124170100178568,-0.5022229964015498
119,1.0745122151422526,1.3487958966105535,-0.27428368146830095
